"title,""description"",""start_at"",""end_at"""
"Evento,""Descrição Teste"",""2020-02-17 02:19:21"",""2020-02-18 02:19:21"""
"Evento,""Descrição Teste"",""2020-02-17 02:19:21"",""2020-02-18 02:19:21"""
"Evento,""Descrição Teste"",""2020-02-17 02:19:21"",""2020-02-18 02:19:21"""
"Evento,""Descrição Teste"",""2020-02-17 02:19:21"",""2020-02-18 02:19:21"""
"Evento,""Descrição Teste"",""2020-02-17 02:19:22"",""2020-02-18 02:19:22"""
"Evento,""Descrição Teste"",""2020-02-17 02:19:22"",""2020-02-18 02:19:22"""
"Evento,""Descrição Teste"",""2020-02-17 02:19:22"",""2020-02-18 02:19:22"""
"Evento,""Descrição Teste"",""2020-02-17 02:19:22"",""2020-02-18 02:19:22"""
"Evento,""Descrição Teste"",""2020-02-17 02:19:23"",""2020-02-18 02:19:23"""
"Evento,""Descrição Teste"",""2020-02-17 02:19:23"",""2020-02-18 02:19:23"""
"Evento,""Descrição Teste"",""2020-02-17 02:19:23"",""2020-02-18 02:19:23"""
"Evento,""Descrição Teste"",""2020-02-17 02:19:23"",""2020-02-18 02:19:23"""
"Evento,""Descrição Teste"",""2020-02-17 02:19:23"",""2020-02-18 02:19:23"""
"Evento,""Descrição Teste"",""2020-02-17 02:19:24"",""2020-02-18 02:19:24"""
"Evento,""Descrição Teste"",""2020-02-17 02:19:24"",""2020-02-18 02:19:24"""
"Evento,""Descrição Teste"",""2020-02-17 02:19:24"",""2020-02-18 02:19:24"""
"Evento,""Descrição Teste"",""2020-02-17 02:19:24"",""2020-02-18 02:19:24"""
"Evento,""Descrição Teste"",""2020-02-17 02:19:24"",""2020-02-18 02:19:24"""
"Evento,""Descrição Teste"",""2020-02-17 02:19:25"",""2020-02-18 02:19:25"""
"Evento,""Descrição Teste"",""2020-02-17 02:19:25"",""2020-02-18 02:19:25"""
"Evento,""Descrição Teste"",""2020-02-17 02:19:25"",""2020-02-18 02:19:25"""
"Evento,""Descrição Teste"",""2020-02-17 02:19:25"",""2020-02-18 02:19:25"""